,textID,text,sentiment,tuned_sentiment
0,9965c5a810,"Not at prom. Ha! Chinese, iced chai, and some old school pokemon. Good night",positive,positive
1,d24bdd2844," I agree, however I can`t sell  until I`m a full brick & motar store...  soon though hopefully",neutral,positive
2,32058d2bb5,HA! I`d give Kristen plenty of free hugs! *sigh* if only I could,neutral,positive
3,cad8db609a,Why am I having such a hard time falling asleep,negative,negative
4,a72c5d15b7,Oh fml its probs gunna be at shepards bush  i hate it there,negative,negative
5,08ad89c6b0,Hi .. I have the net YAYY.. Im here for a short time though,positive,positive
6,455ef3e9b6, LOL thx,positive,positive
7,d2dbf84fe0,I know exactly where i should be,neutral,neutral
8,b70c6bf768,my apple-mouse doesn`t work on my shiny red coffee table...,negative,negative
9,db783cf66a,"no school today, teacher cancelled the lesson  chillin`",positive,negative
10,61e8b484df,Straighening my hair and its not going as straight as i want it to be what a  bummerrr for me,negative,negative
11,af3fbd5681,Aww I got to see my 1st grade teacher`s last day before she retired,positive,neutral
12,0eb06a4076,"Ooh, new Bonkers is out tomorrow, nearly forgot about that",neutral,neutral
13,5d8102cab8,He put a **** mohawk in my son head.....he just killed my vibe as always,negative,negative
14,7053623c26, i mean give. lol with a finger! then crash her car! lol jk. thats bad. just ignore her,neutral,negative
15,9fdac069e1,no phone  i knew i should`ve charged it last night. SIGH,neutral,negative
16,70187852a7,  supporting superfly all the way,positive,positive
17,d98aa88591, No Trump casino in Vegas.,neutral,neutral
18,3a013a37a6,A little twitter mention on SNL,neutral,neutral
19,bc28048a07,Heyy.thnxx.or.inviting.me.to.ur.party.rob.ill.be.down.there.on.june.24th.ill.miss.u.when.u.go.to.italy....   <333333333 txt.me.hon!!!,positive,neutral
20,2c60e1c7a2, hmmm really??? that`s weird idk about that one  sowwy,negative,negative
21,1c2a41d71e, At work at the mo and it`s so sunny here today   Off to see a band tonight!!,neutral,positive
22,4805e663c0,"Have been writing since 6pm & I only have 300 words. Can`t help but edit as I write. Stop it, self! Oh, I`ve also been researching too.",neutral,negative
23,e38fab54b2, Thanks. Busy as **** is good in my book.,positive,positive
24,06b8d9e26c, welcome,positive,positive
25,e344ef4cf6, That`s actually not too far from the truth,neutral,neutral
26,35674461fe, lol that was a great movie,positive,positive
27,c9e8281f8c,"  just finished mine, some parts were remarkably difficult  cramming kanji now!",negative,negative
28,6388c670c6,_Hodges Yup. Their loss.,negative,negative
29,674bb5ca74,British Expat Tweet Tommy and the Giant Sprout: Especially for Fly  as part of sprout seaso.. http://tinyurl.com/c7kvb6,neutral,neutral
30,00b7a60703,Wish I had a laptop charger so I could tweet faster,negative,positive
31,9ef3a57e41, I know! I miss her...,negative,negative
32,d554ee2fe0,"just got up, couldn`t sleep anymore i guess and im not really gonna go back to bed, im not really sleepy",neutral,negative
33,a769b2340c,Oh gosh how I want the party to be over and done with already.,neutral,positive
34,1ef4bca3f5,_1 welcome to the twitter world Andrew! tell david to have a twitter too haha just kiddin` i know he doesn`t want to have one.. booo..,neutral,neutral
35,a237d86171,_**** R.I.P curls,negative,neutral
36,c8a9799256, we can all but hope... georgia is still wide awake and has the hiccups,neutral,neutral
37,4760319f17, this my new more private acc. Will only use it for close twitter friends,neutral,neutral
38,c2484278c9, 120mm films usually handled at Fuji  Oh I met a girl at San Diego. Kwento soon. I miss youuu!,negative,negative
39,736f85408d,So my coworker/friend told me the manager who sent me home is afraid she`s in trouble for sending me home haha. Dumb ****,negative,negative
40,3ba9e80d1d,Off to work I go,neutral,neutral
41,f4aba8da1c, the hotel should be thankful,positive,positive
42,586a76af3d,"  ummm...last night when I DM`d you, you said it was a 'good' question.",positive,positive
43,4793312f15,this one goes out to Jimmy Fallon and Justin Timberlake...doin` their Gibb Bros show on SNL  ? http://blip.fm/~5z1vd,neutral,neutral
44,cb4adb2254,I wanna do something tonight after work.... But I dunno what...,neutral,neutral
45,09b5db7af0,He`s getting ear tubes in about an hour so no food,neutral,negative
46,c4210150ee,"_Mom Emailed you - it`ll be on the porch anytime. If you come tomorrow, we`ll have to miss you! Don`t worry about knocking!",neutral,negative
47,79331f42cf,"Right I now need breakfast. Let`s see if I can make it while Tweeting ;-) What am I thinking, I`m a bloke, multitasking is out lol",neutral,neutral
48,342c394b9e,I`m feeling higher than Mt Everest,positive,positive
49,3b388efbe6,got to see 2 of my favorite guys back on long island  heading back to the city tomorrow or monday to be with the boyfriend! <3,negative,positive
50,a7225483b3, : Come to VietNam to make a live Show Miley. there are so much fans love you at Viet Nam,positive,positive
51,94488794d4, Who To Say Hi To And Who To Buy A Shot To. Lol. Jk.,neutral,neutral
52,baf2ccb1cc,i had a vivid dream last night! i was crooning away,neutral,neutral
53,28e1999323, Wasn`**** totally awesome?  Seeing the rebooted crew was so nice!,positive,positive
54,f4d1a681af,productive day 1,positive,neutral
55,5609c1212e," Thanks, that was gonna be my next tweet...You the man  Figuratively speaking",positive,positive
56,103459e206, sad about young love coming to an end  They were sooo cute together!,neutral,positive
57,1783b5eb60,Geez I`m hating bein at work till 10 on a day like this I feel like its a wasted lovley day,negative,negative
58,a8d61ff137,Oh my ex / room mate is moving out today,neutral,neutral
59,d0380dbe70,about to go to leeds shopping,neutral,neutral
60,d847cf8346, I missed them at Red Rocks.  Sad couple of days.,negative,negative
61,c50bdd4567, thats so cool,positive,positive
62,441e2a5a82,LOVE getting gifts in the mail from my very wonderful friends back home!! How I miss Myrtle Beach so much... A little homesick today,neutral,positive
63,f5e9c0eef2, I would vote for you Miley but I live in Ireland  You`ll be fine  Good luck! Slï¿½n!(bye in irish ) Sorcha xxxx,positive,positive
64,719934e5e0,Up and washed  I`m clothing myself as I type xD WOOOO,positive,neutral
65,a86d48a430,Heaos keen for next weekend.        Mummy. <3,positive,positive
66,a55208f877, love love love pot psycology. My Friday night treat,positive,positive
67,c4df4b1e33,Now I`m all sad because I`ll probably never see Fleetwood Mac.,negative,negative
68,ffa3258a83, Are they both still talking to you then?,neutral,neutral
69,31d03bff54," I would lime them. Or lemon?  And deal, sounds fabulous to me!  Text me up when you`re back",positive,positive
70,b09824d000," MUAHAHAHHAHAHA...   well, maybe they think I`m crazy or something. I haven`t scared  yet though",positive,neutral
71,226c11669d,Sooo the Children`s Museum was closed for a fund raiser when we got there.  annoying,negative,negative
72,f29654c873, Gmorning Hermana! Thank you for your testimonial it is wonderful. Posted already.,positive,positive
73,b4ea682d4b, join the club.,neutral,neutral
74,bc3c21ca4e, you were greeeeeeaaaaatttttttt babe!! It was amazing!,positive,positive
75,9a9fa3f033,"I love these App things, it be hella awesome bro.",positive,positive
76,edef02e047,_7 Wow that`s a big list...lol. I would be happy if I got half of that done. Now I feel lazy...thanks. Just kidding,neutral,positive
77,3ec9a1578c,Spilled chocolate milk in my car,negative,neutral
78,fc4660a609,Just snappy`s delivered some tea and ice cream. I love my sister.,positive,positive
79,2f8444db6c,@_shannon1234 Shannie im so sorry! didnt mean to upset you! i just thought you would find it cute  im sorry dont be sad!,negative,negative
80,fe2f3f3359, you`re alive!!!!!!  Go w/ The Notebook...it`ll make you cry and stuff,negative,negative
81,2b8fcaed04,_possa Happy Happy Bday Baby Girl. Love Ya!!!! Hope you get EVERYTHING you want,positive,positive
82,27e3a4acfe, Is it true that you love brazil more than australia  nitey,positive,positive
83,00688f0441,Yo somebody`s mother just came to the club dresses like she`s going straight to church after the club! I feel like I`m going to hell 4  @,neutral,neutral
84,27d0c01bc2, I REEEALLY wish I could be there  haven`t been n a while.what`s goin on down there lately?,positive,neutral
85,cac1ba6f5a,why is everyones tweets about britains got talent?! i feel left out,negative,negative
86,d78be7b22e," Same here - events + writing songs. But I just finished my TMNT vs MMPR song, so I`m excited to record that on Wednesday",positive,positive
87,83fc759a0b, don`t follow me. You will ruin my twitter experience,negative,negative
88,c963a42282,Hates untalented **** being mean to my talented friends,neutral,negative
89,be634ebeb0,My dead grandpa pays more attention to me than you do,negative,neutral
90,cccb3d7081, will do,neutral,neutral
91,41ff25c568,This is how much hair falls off everytime I shower. It`s more sad than disgusting  http://yfrog.com/6p190aj,negative,negative
92,23602f214f,"LOL! Made a huge mess of my school shirt, was using charcoal sticks in 2D art",negative,negative
93,58b7571313, .. Guess ol` Tom has another mission impossible ... some of this is like trying to prove innocence .. I didn`t get hugged,negative,negative
94,ad1524a0c7,want to see him so badly,negative,negative
95,d12acf4e01, Awwww   i`ve got some photos of cute bunnies,positive,positive
96,55c69c2d52, did he ask for your Twitter ID? Your sun sign?,neutral,neutral
97,9a0fce6d7e,learning how to use twitter,neutral,neutral
98,4d3de34efa, Hey! r u back in La right now?What was ur favorite part bout Europe? I`ve never been out of the country xcept Canada  XO Jenna,negative,neutral
99,30eecabd12,@ punkrockchick25 Haha no i just saw a commercial for it. . You wouldnt kill me,neutral,neutral
100,ed0ace22bf, u don`t have school today????,neutral,neutral
101,2cbc372326,So now we`ll pay more in sales tax...great.  Even worse Mom and Pop businesses have to double what they pay in business licenses.,neutral,neutral
102,75dcba6339,watching my favorite tv shows on HULU.com for free,positive,positive
103,e887fbdfd5, not really having a good night... missing my little girl...,negative,negative
104,146257b271, it was an awesome talk  find it very true that i am watching the ruby community closely,positive,positive
105,e133dbdc62, But I really want a Sporebat pet.,neutral,positive
106,6dc625db0d,my newsreader is filling up with blogs  yay! keep pm`ing me your blog sites. I love reading them!,positive,positive
107,954f523ded," very well, nothing flash - but different to chocolate 4 a change. good 2 meet U yesterday  gr8 atmosphere & discussion",positive,positive
108,ec00ec25c7,has dislocated her knee  *bad/painful times* gas + air and morphine are fun though,neutral,neutral
109,98c11bdba8,its too hot in my room. i wanna go swimming.,negative,negative
110,ade8ce79b8,"lied last weekend when she said she wouldn`t get upset, just an FYI.",neutral,neutral
111,1e3561e921, lol man i got 2 1 /2 hrs an iont how i woulda made it wit out my ramen noodles and t.v. Time,neutral,neutral
112,898b9a9338,Why did i drive and how did i make it? Ahh margaritas are the BEST!!,positive,positive
113,88ea8d1421,"thelma & louise, Good movie.",positive,positive
114,cee062574a,thanks to  and i`m now on twitter!,positive,positive
115,02aa2d95ca, im doing that **** right now ... im on vacation and you got me workin,neutral,neutral
116,665dcd4cf2," Yes.  Me too. I can`t understand why they have to do that. I mean, I know it`s all about Hollywood, but this thing is called love.",positive,negative
117,21d05898d3, oh ****!!,negative,negative
118,f3933c4b73, bitter?  why? *hug* ****,neutral,neutral
119,299fda8c5b, hey hey,neutral,positive
120,7037789f98,you`ve got to read it downwards for it to make sense.,neutral,neutral
121,be226efbd2, and I was just gonna ask you if you wanted to go to CLUB Hidden House on sat night. hehe.,positive,neutral
122,c9e5ca399a," Hello there, Taylor  I MISS YOU. Its been 2 months </3",negative,negative
123,a0e8168015,"Going to twitter in english, for my foreign followers",neutral,neutral
124,a185f0cc24,"it`s been so nice all day, and now it looks like it`s going to rain...just when i was getting excited about taking photos when i get home",positive,positive
125,6d68218d8b,tMeme> My besties. If only  was there.  on Twitpic: http://twitpic.com/67hac - My besties. If.. http://twitpic.com/67hac,neutral,positive
126,a7506a67a4,_witty  yes france/belgium was good  carnt belive how much traffic we hit on the way back,neutral,positive
127,defc8b34af," black is good... tight, or should I say too tight, not so good.",neutral,neutral
128,2132f07ca3, I love that song! I was starting to think I was the only one that knew that one!    #sameperson,positive,positive
129,dae7a3eeb1,Just thought about my hubby being deployed n now I got the blues  I need a stiff drink but I`m breastfeeding so no booze for me :/ Ugh!!,neutral,negative
130,69d6b5d93e, .. and you`re on twitter! Did the tavern bore you that much?,neutral,neutral
131,5e80e58699, check this out: http://tinyurl.com/d44lra,neutral,neutral
132,0f4be91a14,I love my life  Ni night twitter!<3,positive,positive
133,c016333e85,oh no my tweetdeck is malfunctioning :O il have web will its fixd,negative,negative
134,5a5d7e4d2f,"Just tried an energy drink to report back for you guys, and im sweating and have the worst cramps. I want to lie down",negative,negative
135,60fbd17c2f," - I read that as follows: 'I`m a what?! What`d I do? Yes, she is rather simple. I miss you dicks too...   '",neutral,neutral
136,389fc0d397,Last scheduled corn dog oc shift,neutral,neutral
137,dd7a9fb210,"spirit week! Tuesday have to be in make up by eight so I can die later. School wednesday and thursday then, finally sleep in on Friday!!",negative,neutral
138,3e99f423ba,"  poor you lmao, just stick your head out the window!",negative,negative
139,18a11e8dbd,@_mmmichelle you`re in france?!?! cheri!,neutral,neutral
140,43ad351369,"AHHH - Whatchu talkinï¿½ baby?  HAHAHA I canï¿½t believe youu:O heh, actually I can. Life is worth taking risks... http://tumblr.com/xs81qy54s",positive,negative
141,7120ebfa1b,  just wanna be there tonight,neutral,neutral
142,0b581d3f9f, Headed back to Baltimore tonight,neutral,neutral
143,0a60d11178, kittens are cute then they grow up n become CATS,positive,neutral
144,58129e4130, Yay for Block Party!  You`re the BOMB! Blockheads <3 Dave!   Thanks for supporting NKOTB!,positive,positive
145,ef7ef8e474,i`m only updating this so that brett`s phone beeps  but really.. looking at wedding stuff. again.for the next five months.,neutral,neutral
146,02077519e6,"Whoo, BGT!! I really must multi-task and do my Art work at the same time though, back at College on Monday!!",neutral,neutral
147,3b45abf7b5,Anyone ever had that heavy feeling of sadness in their hearts? Thats my case rite now.,negative,negative
148,b7259fcba2,Wishing I could have seen my nephew graduate from kindergarten!,negative,positive
149,37ffa83550, thank you!! ooh I see you`ve read Desert Islands http://is.gd/ys6K great book!,positive,positive
150,c7f9d559e2,Happy mothers day mumm  xoxo,positive,positive
151,cb7163bb37, then stop staying out all night,neutral,neutral
152,043c3b53f8,can`t wait to watch the next season of heroes,positive,positive
153,acdbccaeeb,Is my picture showing?,neutral,neutral
154,52c2bbf770,_**** cheer up lizzi there will b another foh hero concert   but still i suppose we can b upset  xoxoxo,negative,positive
155,27d6472b81,$#@! My nose stud fell out and I can`t find it  Looks like I`ll have to head into Amsterdam today and get a new one,negative,negative
156,0927b99040, actually workin from home tonight...  you?,neutral,neutral
157,b1c36b70a4," I was supposed to go tomorrow tooooo, but have to use gas and ticket money to pay for car inspection fee.",neutral,neutral
158,7fb2ca19e9, I have popcorn and fruitcake now...but it`s just not the same as Chocolate,neutral,neutral
159,41a96b7954, me because I might not have enough money for college!!!,negative,negative
160,ca1d744985, I can`t go to the grocery store on an empty stomach. That`s trouble! I wanna see ur show but not sure ill get to  let u kno,negative,negative
161,e96c25a560,I wish I could twitter from the BOOK EXPO but the reception at the Javitz is horrible....,negative,negative
162,9a10e4813f," Where`d the songs go on the site, I want 'Do You' on this computer too",neutral,neutral
163,533a5604dc,the  2009 convention ( http://tr.im/mLvw ) doesn`t look that great this year  - going to vegas then sounds much more fun,neutral,negative
164,23d8ccab77,did not sleep a wink last night  X,neutral,negative
165,5fb992345d, yes yes yes lotsa fun  i cant wait. dont like make up with shaun too much in front of me tho cos ill get awkard haha,positive,positive
166,eeff416e05,is heading in to London to meet with  and  let us know if you`re about  still not sure what time we`re meeting.....,neutral,neutral
167,c2fe8bbad7,$y_Spitta Was caught in traffic around the Howlin Wolf for about 30mins. I was wondering WTH was going on.....musta been nice!,positive,neutral
168,8be2d4f69f, I am soo excited about your pasadena seminar...if only i can find the confermation email,positive,positive
169,80b61dc4e6,Mexican coca cola in a bottle. New favorite thing.  No high fructose corn syrup....  sugar is so awesomely old school.,positive,positive
170,b5c13364bb, Sorry - I have failed to grasp your meaning,negative,negative
171,c653189d96,Captain Jack is back,neutral,neutral
172,fe584461ef,its weird how thinking about may 2nd totally changed my crappy mood to happiness...i miss  so much,positive,negative
173,9b2b40dda6,"_la ben`s dreams make me so saddddddd  i want them to be togetherrr. i swear if this **** gets me bawlinggg, so help me..",negative,negative
174,351d279fba,"Oh god, a moth was living in a **** power outlet!  (Actually, my PowerSquid.)",negative,neutral
175,836dd77850, we have mice in our attic who clog dance,neutral,negative
176,f52e7e5a88," We`re off.  I`m sorry. Parents coming in around 10-11, gonna eat with them, then house-hunt in Richardson. RAAAAIN CHEEECK",negative,negative
177,3e9ba7f25b, try #fireflight first... female fronted metal is awesome..  ..  Unbreakable album would be a good start!,positive,positive
178,f5d47f04f5," Too much? No, not unless one of the pillows ends up suffocating the one sleeping next to you.",negative,neutral
179,474d10ff48, TGIF is right...I think I broke my toe last night - on my bad foot.,neutral,negative
180,5d57a5eda2, Thank you!  I`m working on `s,positive,positive
181,8429087609,Wango tango!!! Good night all,neutral,positive
182,09140327f6,tomorrow is going to be sooo awkward & embarassing. lights & sounds last night was awesome,neutral,positive
183,3775f77081,having my dinner. eating bangus.  it`s a fish.,neutral,neutral
184,9e734c1ed3, I`ll put your name on the list,neutral,neutral
185,401cc22f49,is on facebook,neutral,neutral
186,4626b8b37a,my shoes hurt my feet,negative,negative
187,5898290010, he not getting off early?,neutral,neutral
188,a4ee41dc64,My replacement iron ring arrived.  It`s shiny.  And a bit more jagged than the original,neutral,neutral
189,cf3dafabb3,.. so I can only recover 10 photos,neutral,neutral
190,92866f7b8c,  Thank you!,positive,positive
191,48c3502151,"i juz registered my cp in twitter, but my tweets wont go thru? Argh..Hmm wanna follow my idols lyk  away from the PC..",negative,negative
192,ee55b5844d,I`m all scared and bruised.,negative,negative
193,047abbd04e,I know. Im just kidding,neutral,neutral
194,9e972c1093, Once James Cameron touches something and revolutionizes it... someone else comes along and **** it up,negative,neutral
195,09e0880c54," not here for long hun, head hurts",negative,negative
196,8f25eabe4a,to overcome whatever darts the enemy may try and stop you with. We`ve gotta stay focused tweetz!  God bless you.,positive,positive
197,ed6a316e8a,_me Thanks! Kinda bittersweet though,neutral,positive
198,d0b2e14355,Memories,neutral,positive
199,16fd300910,Ive been passed out drunk for the passed couple of hours.  Good to go now,neutral,positive
200,600c58d8b3, - ummmm. no comment. LOL. I actually have not watched GH in about a week.,positive,neutral
201,1d3c1b4821,okay someplease save me!!! now I am watching ninja warrier and eating an egg roll from last night,negative,neutral
202,c7d3ab998a,Writing reports....,neutral,neutral
203,da72cfc9cc,Poor dead Josh.  http://bit.ly/JKpHn  Please leave your messages of condolences there.  #boy #rip,negative,neutral
204,64ddc1f8a2,sick to my stomach.. and i have a headache.. i wish someone could come rub my temples.,negative,negative
205,778c5660f8,Justin Timberlake and Andy Samberg do it again.. Mother Lover skit on SNL was great,positive,positive
206,e93220b868," Lol - I could try!  Seriously tho, dont do all of it! That sucks! ****",negative,negative
207,bbbe1a1a9b,watching Pineapple Express and is seriously thinking that they used real weed in this movie,neutral,neutral
208,792c97a352,my best friends bought something which i really want.,positive,positive
209,e2d8e05859,"  I`ve run out of earl grey, so having lemon tea instead, then whb for me too",negative,neutral
210,9f2322eb66,Off tha internet now Txt it,neutral,neutral
211,82cdd851b7," lmao, yep",neutral,positive
212,b3505b0aa7, unfair  I wanna go too.,negative,positive
213,b943a19a88," Aw, that song makes me think of girl scouts.",positive,positive
214,cbb9d08353," or, Green Day: boulevard of broken dream, Hinder: lips of an angel, Howie Day: collide - that was such a nice song",positive,positive
215,656119dd86,Spoke about culture to some of our Rackers over at the Castle. Now time for some awesome Mexican food. No drinking--antibiotics.,positive,positive
216,4d2de9d1af,The best thing I have ever done is carry and birth a child,positive,positive
217,bd499c0bf7,Succesfully following Tayla!!,positive,positive
218,79e554fd60,"Free for all... good nite I mean its a good nite, wateva",positive,positive
219,8fd01857a9,is dreaming of the weekend... awake!,neutral,neutral
220,fc73012712,Just heard good vibrations and i thought of Charlie dying on Lost,neutral,positive
221,4219979931,It is possible to frown while eating a Frosty,neutral,negative
222,ddc07db84e,  Hope ur havin fun in da club,positive,positive
223,42e4df338b," Hey!  It`s easy...Just type what you`re doing!  Just like facebook, but much simpler.  Have a good day!",positive,positive
224,b2309cd1ce,tweeterizing from a mobile,neutral,neutral
225,0d77390e74," same to you bud. Kudos on your hardcore gym training, it`s a great lifechanging experience, keep it up!!!",positive,positive
226,a028e284db," What timeeee? My mom says I have to do something daw tomorrow, eh. But we`re never compelte!",neutral,neutral
227,915ce84b4b, Too bad I can`t come!  Enjoy urself tho.,neutral,neutral
228,f57f3b6265, i know how annoying that can be!  but theres a german saying`pleasant anticipation is the greatest pleasure`(own translation),neutral,positive
229,eaa096c532, I am soooo disapoointed I couldn`t make it  I will be there next time! Glad it was productive.,neutral,positive
230,564c21df63,I can`t sleep. I can`t find my grandmother`s quilt or locket. I`m sick at myself cause I may have lost them somehow. Or they were stolen,negative,negative
231,d08af78eef, in august with anberlin. they`re not headlining though  and yes there is a perth show,neutral,neutral
232,1cebd63a24,I`ve just about made it all the way round the park jogging. Quite pleased for my 6th outing,neutral,positive
233,b38df0845d,crying to A Walk To Remember as usual,negative,neutral
234,898c63c69f," I`ve never been to Prague, but if i had the money, it`ll be in the 10 first cities I visit",positive,neutral
235,178b3ca782,People at work are stressing me out.,negative,negative
236,52020ad422,Exam is commmmmiinnnnnggggggg !,neutral,neutral
237,5dfc83d141," Indeed, twitter is where its at mate, its all happening on here.  Enjoy. Hope to see you arou.. http://twurl.nl/j4o1xe",positive,positive
238,50c0004af6, tiny.cc doesn`t seem to load for me  I was thinking on going to the batting cages but apparently you gotta book in adv,neutral,neutral
239,8d4c510735, I hope you didn`t take that quote personally!! I`ve been throwing them out here and there all day-guess I shoulda waited a bit,negative,positive
240,86f3b2e352,Whole body is sore from moving hundreds of pieces of luggage last weekend.   Guess I should visit the gym more often,neutral,negative
241,be9ed19513,Happy #StarWarsDay. May the 4th be with you!  From everyone _paintball,positive,positive
242,82bc030c0d,"been busy at work, now must run before traffic is too bad.",neutral,neutral
243,97fd42d38b,I miss my puppy,negative,negative
244,1281b062a4, have a safe ride up the coast. Don`t be going 90 even though you can.  when its windy just smile cuz u know u have it better.,positive,positive
245,7e19629684,looking at the sunshine out of my office window,neutral,positive
246,a4388148b8, hahaha n I`m a do the same for u,neutral,positive
247,c032793654,Princess Sakura is MINE  therefor i want to use it on TJ! grr,neutral,positive
248,77e57c378f,grrr hate when i make careless mistakes on docs i give to my partner,negative,negative
249,e74af209c6,I`m still at the mothers day lunch at my uncles house. Having a nice time!,positive,positive
250,8dd7e34100,I`d love too see you were it ,positive,positive
251,4b8092674a,Ahh... I love Chinese music. Haha.  Not gonna see my luff til Thursday...,positive,positive
252,cf1739382c,i only hav 8 followers                 !,neutral,neutral
253,ace00f13fb,"Just Saw Confessions Of A Shopoholic...Totally fell in love with Hugh Dancy`s accent!! :3 Need $20.00 for tomorrow, new top i want!!",positive,positive
254,e939fe583c,sometimes spam leaks in to the message board.,neutral,neutral
255,d576839165, because its like ten times better than this place xD and its so beautiful and fun  and they have gold coast hot dogs!! xD,positive,positive
256,101a8b583a,How Come I Can Never Sleep Past?? Not Good,negative,negative
257,5d9e44e6aa,just saw UP  it was a cute movie (:passed by a place called a peasants kitchen. wtf? that names kinda sad,neutral,neutral
258,f554f3fa53,  i agree with  come to canberra! we are the raddest!,positive,positive
259,b26843421f,Mothers Day,neutral,positive
260,fd7434a0e9,is done with classes for her freshman year.,neutral,neutral
261,32b2c8b924," Aww Stanley, have you still got him, they can live for like 20 years right?  x",neutral,neutral
262,1962233e5d,"Brian (cat) still hasn`t shown up...I feel sad and sick, I`m afraid he`s been eaten by something.    It doesn`t look  good",negative,negative
263,7a27c3a84d,I am living in a country where the government is ALWAYS a circus show ... sad but true...,negative,negative
264,32489d483d,evryone come here http://www.blogtv.com/People/GinaNicole2 were spamming so much and blogtv is glitching and it might work,negative,negative
265,700c41e7c0,AP: North Korea could opt for devastating land assault... http://tinyurl.com/nmg9ht (via _Report) Scary talk to say the least.  mm,negative,negative
266,d6738c3768, Excellent point.,positive,positive
267,8eedc5a2ed, I broke my ipod,negative,negative
268,fd34ad6207,round 2,neutral,neutral
269,bf4c610e53, cool np. It`s got me working on a series of designs.,positive,positive
270,9dfd003f1e,"i want you to text me first everyday, not me",neutral,neutral
271,2a83e56667,"_ really!? that son of a ****, screw him, ill talk to on msn later k  xox",negative,negative
272,d112d2e5bf,"no work today! went shopping, and now relaxing  &learning for the toefl",positive,positive
273,cfdb8ea6d8,back to br,neutral,neutral
274,c5f383c0a0,I feel so deflated. No more doggy.,negative,negative
275,f8d8ebaf8d,new Delerium`s music video (http://tr.im/kpu3). mixed by Tiesto. i guess Bill Leeb finally forgot his music`s roots,neutral,neutral
276,4cb0ab19ed,"Good morning, to all the mommies happy mothers day.  Now I am off the pull the cats tail.  I know she likes it",positive,positive
277,37fa199c50,AHHHHHHHH!I can`t get miley to notice me......,negative,negative
278,0e3d0b5ab5,"Guys, follow  for the RX Twitterwar!!!! DD GO GINOOOO!!!",neutral,positive
279,2c39030bc4,"oh happy day!!! nice weather, smiling, happy baby and icecream later",positive,positive
280,25ea895560,_g: I`ve been sneezing and felt like a train-wreck for the last two weeks myself. But it`s not piggystuff.  So we`re good then.,neutral,negative
281,d60072b03a,"He can`t fix it.   I guess I`ll write until I get too bored then watch tv. Man, this is lame.",negative,negative
282,eea9145f1b, ack! I just read about your show  that`s horrible!!! No accounting for taste.,negative,negative
283,2793cbbfab,Inspired to blog about something inspirational. Haha.,positive,positive
284,f7ac9e16e5, So...I was half asleep when I wrote the previous message. Greatest friends !!haha  You are!!,positive,positive
285,9e8665abc5,Dang  I left my Rolando`s dinner leftovers at home! I knew I should have put them in the shop fridge last night before we left downtown!,neutral,neutral
286,0690c4b873, ???!  #MandarinMonday,neutral,neutral
287,b84d47c65f,http://twitpic.com/66ymw I`m gonna miss these guys so much  Thanks for making the 5 years at senior school amazing!,positive,neutral
288,04c455e820,"Does `Real Detroit Weekly` not have a website.....Oh the horror, the horror",negative,negative
289,f765bed159, oh mann... Me likey that!! But sadly I`m not bein auctioned on #twpp tonight,negative,neutral
290,fe9c9f7f2f,really am sorry becauseI was looking forward to it.. thought itd be fun  and u wanted to hear it.Iowe u a beer.,neutral,positive
291,198854f289,cannot relaxing because she have to practice for her graduation,neutral,neutral
292,92d94fa045," It`s allright pastor, jiayou for the book!!",neutral,positive
293,3d4b0a81a6, I think YOUR blog should`ve been on the list,neutral,positive
294,0bb5b4d19c,"Friday evening......what to do, what to do.  I have to idea.",neutral,neutral
295,b78e0c4c19, Thank you Kirst - your posts on running inspired me,positive,positive
296,38d2b216c7,Watching h&a! Got new photos for myy room  Waiting for Ulise to get home.,neutral,positive
297,9b172f1737, gawd. People still remember the preggers comment. Hate you!,negative,negative
298,6dc1aa9db8, hey Gerardo! (late response) that day i was talking bout forgiving my brother 4 givin me wrong directions! i got way to upset,negative,negative
299,db331541b6," my name is Jason, but sunshine works too.",neutral,positive
300,4d461bba2e,I guess she`s not the type of songwriter who dreams the great ones.,neutral,neutral
301,e7d70b0d76," omginorite! I`d be all fancy and tophatted all the time, it`s really too bad I can`t grow a handlebar moustache..",negative,negative
302,f43efa3560,MY SiSTER iN LAW JUST LEFT FOR HER PROM!! SHE LOOKED SOO PRETTY.. TEARS ALL AROUND,positive,negative
303,e7a0f7ac99, I have to work  but I`ll just watch it later.. even though it`s not the same.,neutral,neutral
304,2f9f6f89cd, Tell X to email me pics! OfficialShew,neutral,neutral
305,ddc89d5956,Heading back home with a win!,positive,positive
306,90af5c843a,Mowing #6. I hate my lawn,negative,negative
307,fb08563a7b,Midnight ice-cream weather! So **** bored,negative,negative
308,bef904fa13, awww! you like anne curtis too tho rite?? it`s her soap thats gonna replace it!,neutral,positive
309,ced0bb0d25,I meant looking like a tiger - stupid predictive text,negative,negative
310,132462ca21,: unfortunately not.  I have to take it to a repair shop or replace it.,negative,neutral
311,548b9da461,Great exercise for a Sunday morning: 'stopping the wheel of karma' (R.A.W.) and transforming negativity into love... Life!,positive,positive
312,7a5e6a6349,There is ALWAYS one JOYKILL in the crowd!    haters!,negative,negative
313,3c58b704f2,Just finished down loading AIM6.9 and guess what! I can get updates from Twitter on it!  Message me at: i am katie arttt,neutral,neutral
314,42ebd9099d,I have turned into a fast food ****,negative,negative
315,b56c29ed7d,Why am I always the one on time. They are always late. I wanna sleep. I miss Mere.,negative,negative
316,a5abb95859,#bouvierb-day is on trending topics. ahh Happy Birthday Pierre Bouvier,positive,positive
317,a9e176a76e, hey I didn`t get the email yet,neutral,neutral
318,fbd7404138,lmao...ummmm nothing...,neutral,neutral
319,092c10bd84,"Wow, the new Google icons suck   http://bit.ly/z7JIE",neutral,negative
320,4d3c23d2e9, ok ermm I`ll meet you in the gym at half four then,neutral,neutral
321,dfe5909132, imma miss dem KObe nd Bron commrcials wen cleveland get knocked out doe  they wer funny,neutral,neutral
322,225e7973da, follow me??,neutral,neutral
323,86ae985c48,Still feel like craaaap and like everyone on earth needs to know this lol... Have fun birdies,neutral,positive
324,c258bebc27,Going to get a pedicure and the to CPK for lunch,neutral,neutral
325,99e466c1e2, 'If there`s a camel up a hill' and 'I`ll give you plankton' ....HILARIOUS!!,positive,positive
326,8d36ad290b, The Case of the Gigolo`s Picolo?,neutral,neutral
327,20967289f5,in San Jose.   having good time w/ bros.  Also helped dad edit next  Holy Land brochure. wish I could go!,positive,positive
328,18219a326d, Really? Awesome..Im mad cuz my followers r goin down  *Take A Breath*,neutral,neutral
329,e78f6d920b,good day in the sun... little bit burnt tho... well actualy quite alot  very sore  heh,neutral,neutral
330,b1195a418c,This weekend has been probably the best and there is still another day to go!!,positive,positive
331,0d401237c2,I put a real pic of myself up. I`m going to miss the avatar.,negative,negative
332,a8bf8239bd," if I skipped, that could get messy   ROFL",neutral,negative
333,842e9e031b,Britain`s got Torture - Edelcries...,negative,negative
334,16ac3c903c, Perth Australia,neutral,neutral
335,419f3e9ef8," I know, but work is so boring. I prefer the  take on life",negative,neutral
336,8b5e410207, me too. ****.,negative,negative
337,a8a1e94417,when da heck will the garage man get here I ask you.. WHEN..,negative,neutral
338,95dfefd4e7,Well off 2 bed...cant wait 2 party 4 Mother`s Day in like 14 hours or so,positive,neutral
339,cf64d19714, Hi x Your websites soo cool i love using it  Thank you,positive,positive
340,8800a2d912, hey that is pretty good sucking up - my daughter is exactly the same - glad to see I am not alone   Good luck mom,positive,positive
341,f948e704f4,mmm...reconsituted meat products and week-old veggies...gotta love that rehydrated warm milk for breakfast,positive,positive
342,1f7717fc7a,thanks do the invite though,positive,positive
343,79a28b1ac7, ooh thats an early start  ive got bed planned for that time..ha..LoveYouJonesy ****,positive,positive
344,f637b48a5c,Back home after a funeral for my wife`s grandfather today.  Now its time for homework,neutral,neutral
345,7796395821, yeah freakin sucks!!,negative,negative
346,f81d71d2c2,Rest In Peace  ADaM 12 & GLeNN EPPS.... Gone but never forgotten... what a week ...Loud in da air 4 ya,neutral,positive
347,0db9bf3e1f, EpiCentre Wheelock Place - tourists only..,neutral,neutral
348,fb1c0ecec0,and we`re in,neutral,neutral
349,19cc63aca3,whats the point of wisdom teeth? NOTHING! grr in so much pain and i look like a chipmunk FML,negative,negative
350,df320b92cd,Off to a wedding!,neutral,neutral
351,383aa5ec8b,Night all!! i`m trying to get to bed early for once...well as early as 1:40 can be for a normal person...,neutral,neutral
352,13fccb0fb5,I`m at work and I`m still sick and I`m really pissed off about Sunday!!!,negative,negative
353,c8cfe01c4f,"It`s 1:15 AM, and I hear a helicopter flying over my house. That`s kind of weird. In other news, my headache is back. BOOOOO.",negative,negative
354,d7765a3fd6,Lol..2 people in falcon..and boo one of them being becca,neutral,neutral
355,2e8bd923d0, that made me cry  poor hollie ****,negative,negative
356,94e0366b6d, http://twitpic.com/4u5h8 - leon looks supa` fly on that mini couch,positive,neutral
357,6328fd1b81,"Weather is lovely, I`m headed home via supermarket. Planning to spend some quality time knitting tonight.",positive,positive
358,83d9d8ffbe,Leme put this bottle of ciroc in ya..Baby i can make you popular!!,positive,positive
359,38c94c08b8,I`m back from my first 5K running race   And still alive!,positive,positive
360,a1f42c0c89, that`s odd as it`s on my lap  maybe that`s your cat O: s:,negative,neutral
361,85eb03d6b8,"  Cant Thank YOu Enough, WHo is NITIN BETWEEN?",positive,positive
362,5b5be601c2,"i think my cold is getting worse, not better!!  i cant stop coughing - it really sucks!!",negative,negative
363,10c841e57b,anyone got an FFE account? if so.. add me,neutral,neutral
364,b1cec36547,"working on mothers day slideshow, cake, card, and balloons  she deserves the best!",positive,positive
365,75ca238abe,So sad I`m going to miss seeing Pennywise again this year,negative,negative
366,c223721eed,I`m siiiiiickkk  I dun feel good!!,negative,positive
367,671f6900a9,testing out ymtumbkr on my iphone  http://tumblr.com/xiy1qycvc,neutral,neutral
368,0fb19285b2,HEY GUYS IT`S WORKING NO NEED TO WORRY. i have tooo many followers tho ...,positive,positive
369,82c72d7fd0, took my forum access away   fail.,negative,negative
370,fc7842b0b4, I`ve given up on pizza - kids would never let me have my fav  (the hot ones),negative,negative
371,5524acce17,did U watch the spelling bee contest ? winner: Kavya Shivshankar ! Impressive performance - i had not even heared most of the words b4,positive,positive
372,e8a7f5e1a3," I refuse to get excited as I don`t want to be let down  if it happens, as long as it`s not between June 11 - 28 or I`d die",negative,neutral
373,7d87899024,"Dear rain, you suck. Now I gotta change my plans for tonight",negative,negative
374,47caebc343,headed to the beach with puppy maverick hugs and much aloha,positive,positive
375,71c6b00c21,ayy fml. nothing is perfect,negative,neutral
376,34ea29707a,there`s something about this area that makes my tonsils swell up everyday. i don`t get it..  i feel slightly miserable. #FF done 4 now!!,negative,negative
377,1b64ea8f30,It`s only 10:30 and I am going to BED! Brain can`t focus at all.. Need a fresh new start. I pray that God grants me a fresh tomorrow.,neutral,negative
378,00276ae6b1,Emoticons by Christian. '  ' http://twitpic.com/66riq,neutral,neutral
379,1c464c8953,Me and mum are lost in grangemouth. Utter hilarity! Totally lost,neutral,negative
380,16466d0ff2, Whooo Baby! Good luck,positive,positive
381,a2c8b8dad7,won`t be going to the Oxford Internet Institute Sunner Doctoral Programme in Brisbane: lack of funding,negative,negative
382,ae5b8cf7aa,ROFL - me too.,neutral,neutral
383,628bab2c42,I`ve been to Best Buy & Target and still no Electrik Red album! I`m loosing hope..they`ve never even heard of the girls,negative,negative
384,58aa2e3401,_jtv WHAT! I was only gone for 30 minutes and you`re already showing boobage without me?,negative,negative
385,0e4bcb3a52,Happy Mother`s day VALK!!,positive,positive
386,9a1eaacda3,"You`re never alone Just when you think no one cares, you realize that there` always one person you cares for you",neutral,positive
387,4bd68426ce," That sounds good, too!",positive,positive
388,695f322a0a,I hate when you cant sleep,negative,negative
389,d36296a726, MAKE ME ONE! I`m still craving shrimp,neutral,neutral
390,9dec21d822,"HAHAH, Did I hear MVP Chants in Atlanta`s Arena?  At least they get it right there, unlike at staples",neutral,neutral
391,c336250f8f,"i know i told him i didnt want him to stay home with me but i lied, i really did want him to stay home with me",neutral,neutral
392,02073f1c62,I wanna crawl under my desk and take a nap  nvrmind its dirty =/,negative,negative
393,0edb544179,"having the flu, not the swinish-one, but the flu.",neutral,neutral
394,6e693017f6,is excited!  http://plurk.com/p/stk04,positive,positive
395,f02bdad05e,not sure where the real state market is moving  confused either hold or go ahead with the plans?,neutral,neutral
396,cc0ad12b7c, my  tix are in limbo....as usual  #UPSsucks,negative,negative
397,00c8cfed18,I dont wanna im to spanish today,negative,neutral
398,9d187014d5,Good morning... Iï¿½m soooo tierd,neutral,positive
399,cd00966e36,Just watched hella home movies with my aunt and uncle. I miss the days where our whole family got along,negative,negative
400,b8d1e767b2,_ When they don`t pop well. I feel lousier after playing those.,negative,positive
401,4c973ec65f,random night of fun  now im chillin at home.. happy mothers day!,positive,positive
402,363460c8f4,Just got to the gym but w/no energy,neutral,negative
403,4e7fb463e0,"Thx, Robban  http://www.sk-gaming.com/match/17905",positive,positive
404,34533b5903,FINALLY-- Now I am me again.  I had to use internet explorer.  Firefox issues   Back to normal Tweeting.,neutral,neutral
405,cbd87d2326, http://twitpic.com/5ut6j - Poor Thing,negative,negative
406,49e25011f6,_HK very funny,positive,positive
407,a29a6f5c41,"I forgot, Happy Mom`s day.",positive,positive
408,bcb9426abb,I wish I could go to #BEA this weekend.,positive,positive
409,9f345b18c5," Totally agree, she wasn`t even as good as the judges said wither! Just said it to make her feel better",neutral,neutral
410,9e5e8ab6a4,I miss matt today,negative,negative
411,a9b6058320, that`s great! i was never so good at the jump roping...,neutral,positive
412,7e82aab535," actually, the web works fine. tweetdeck seems to be the culprit  sadness! it`s done this at two diff. locations",neutral,neutral
413,c31d79c440,I just cried whilst watching hollyoaks  .. i need a life! lol,negative,negative
414,9d6fc9c77a," no he sabido nada de ti, this is making me a bit sad I must say!",negative,negative
415,7e5457bddf,WORKK! yay,positive,positive
416,513358abe6, I`ve been sat sunbathing in the bombed out church all day and left and missed you,negative,negative
417,2280788f99,crash in Qmbol,negative,negative
418,dad3160e52,long day and i still have to mow the lawn,negative,neutral
419,e9dd5ad752," thanks amy, its full of hotness",positive,positive
420,1dc7f3d536, What are those barrels made of? Hey pass that barrel,neutral,neutral
421,87473f5175,crying real tears,negative,negative
422,5a8f396cb2,so who is in for bring at HK lounge tomorrow ? $12 all you can drink till 5pm... then kareoke. I think it will be a nice Sunday!,positive,neutral
423,e8ddfa3959,OK. break over. Back to the books. Have fun lovelies!  ? http://blip.fm/~5z8da,positive,positive
424,cc930f7aa8, eagerly anticipating twitpics,neutral,positive
425,7db93d25c6,"_fan76 ROFL!  THAT`S my problem, only two hands",negative,negative
426,44da94a9b7,Want to hang out with beth and tenaya and their hubbys tonight....but jon wants to hang out with some other people,neutral,neutral
427,88a4261005,still making icons,neutral,neutral
428,f3afc03b4c,  I`m trying to get myself moving this morning!,neutral,neutral
429,e42d0e6e9d," meh, i feel fine now, it was crazy 10 minute sickness session, but now i`m hungry again",negative,neutral
430,ab925cac3e,Sad that Christian Lacroix had to file bankruptcy,negative,negative
431,8bbaca6e4b,I have not tweeted for SIXTEEN DAYS! I miss it =( I`ve been having fun though! =D Ingrid on mon was frakking awesome  BBQ today!,neutral,neutral
432,1219ed4a21,LOVE ME LOVE ME SAY THAT YOU LOVE ME...,positive,positive
433,6475c6d26d,_andersen thank you Eric!  glad u appreciate that!,positive,positive
434,11634e3bf7, We`ve got a pool still boxed up because I need to level a suitable patch of ground before we can set it up.,neutral,neutral
435,756d255e40,is at home with a pukey boy! Poor little baby,negative,negative
436,172b9d5155,Sticks and stones may break my bones...but words will hurt forever.,negative,negative
437,096ed753e9,after 9 weeks it has finally rained - not quite enough yet but more seems to be coming  the garden is very happy about it.,positive,positive
438,f97b498af4," you should come to Estonia, I know some epic horses here, hehe, and a good trainer and good beaches were to ride!",positive,positive
439,0b1fad03e9," I know dude, i`m doing re-runs, making Jenny watch them now too so we can have conversations LOL.  Haven`t been online much",neutral,neutral
440,1bed6bec2a,Finally finished exams & home not watch Otalia & the PBP on BPD - no Otalia today  hmm! via http://twib.es/COP,neutral,neutral
441,b2dc59805a,out to play,neutral,neutral
442,946573f031, what sun?,neutral,neutral
443,ba6d7433fe,****`m transtelecom,neutral,neutral
444,17bddf4bf3,I`m doing an advert 4 the Make-A-Wish foundation & I can`t find photos of kids looking close to death... that`s a good thing for the kids,neutral,negative
445,dcba201932, miss u too. I`m still at a club...u know...west coast ****!,negative,negative
446,2d8d4624f2, Im pleased hun,positive,positive
447,15fb68bf9f,All of a sudden I`m craving broccoli and cheese soup really bad... my mouth is watering envisioning a bread bowl in my head...,negative,negative
448,bab53b4152," I tried sooooo hard to work from home today, but failed  Not my fault though.",negative,negative
449,75b30e5358,One of my kits has just brought in a mouse & is eating it in the lobby. I`m sure I feed them enough!,neutral,neutral
450,49a1fc4061, welcome to twitter my friend,positive,positive
451,69c36e5f81,"Bucky, my ferret officially has insulinoma  Now on daily prednisone. Had interview with p-doc today, have to go back monday for testing.",neutral,neutral
452,1d06a9cc02,"oh yes, the Cavs win game5, now onto game6. it`s still danger, they HAVE to win this one either, it`s no shot for the championship",neutral,neutral
453,07b995a175,storming outside,neutral,neutral
454,507a584ae5,"just signed up..so, hello twitter world, here I am",neutral,neutral
455,fa625455c7,Everyone is working tonight! I`m bored,negative,negative
456,3285374ab0,im hangin out with my cousin holly and tlkin 2 my grandparents.......  my phone went dead,negative,neutral
457,ca2d9efd4c,_other Excellent analogy,positive,positive
458,bf580a287e,All ready for work... except my arm,negative,neutral
459,16ee71e6df, Sadly I think I know exactly were you put it--in the expired drawer   Those things have a life span of less than two years,negative,neutral
460,e6b24b7014, your`e a freak,neutral,negative
461,3da6270b02, I hide my berry like a slave REGULARLY only today I was caught by massa   & im def not light enough to be a juice pouring slave,neutral,negative
462,54717dab38," hahah, you own lab.hr  I own lab.ba, seems that we think in similar ways",positive,positive
463,acdd6596e6,Im hungry and its cold,neutral,negative
464,51313cb3fd,is listening & watching both my boys on Guitar Heroes,neutral,neutral
465,1c66900f85,Yesterday and today was my weekend....back to work 2moro!,neutral,neutral
466,b70639aec0,Josie`s out of surgery. She`s now officially unable to procreate. And She`s way out of it... Poor medicated baby,negative,negative
467,cbee1946d3,"just got home from a nice party, just not tired yet",positive,positive
468,ab52225ed8,i`m getting ready for tonight (teachers dinner on the beach!) but it`s raining and i hate this!,negative,negative
469,5055018a65," when u go, LMK. Let`s go together",positive,neutral
470,1981e74a66, Hahahahahahahaha hope so.. I hope you`ll like it,positive,positive
471,8d8c915ea5,_eat_out,neutral,neutral
472,bf4b4c0f0b,so I slept in a little...well a lot. whooops,neutral,neutral
473,97cd2255be,Hi ho  hi ho it`s off to work we go,neutral,positive
474,7b88197891,my msn crashes way too much  hmph,negative,negative
475,e2505e6219,"#SanctuarySunday  thanks for joining on #SanctuarySunday, follow more Sanctuary people to keep up to date on the tweets!",positive,positive
476,61fde0e7e6,"I hear it`s a scorcher back home - all we`ve got here are clouds  Back in the studio, maybe if we`re lucky we might get 2 songs done 2day!",neutral,neutral
477,929b5c888c,my hair won`t turn whiiite,neutral,negative
478,8a768f4305," un cross them please..I was planning on buying a lambo this summer, next stop,, pitsvillle baby...=people carrier",neutral,neutral
479,6788d6c565,Aww the little girl on Britain`s Got Talent!  I actually love Ant n Dec!  Oh an` Simon Cowell. ;),positive,positive
480,df9709f719,dammit.  I need new cupcake tins,negative,negative
481,aa51082711, yay asap lol awwh I miss our friday night happy hours even luna del sea and the 'boy' hahahaha,negative,positive
482,88040d7737, thanks to follow. have a nice rest,positive,positive
483,55441697a6,is SOOOOO hungry right now! Should`ve eaten before this wedding.,negative,negative
484,820f19ca44,"  Missed all your tweets again Joe, **** that time difference!!! (UK) Dont 4get about your fave supporters in the UK!!!  ****",neutral,negative
485,416e6352b9, are you in need of another kiss attack??,neutral,neutral
486,d72edc0bb2,No TV and no internet make Catherine something something?,neutral,neutral
487,fb6110efb9,Raaaaaaaaaaagh early morning  and its not even early!! Must leave for work in 6 minutes...,neutral,neutral
488,f2a92aa5ff,I love my boy  he makes me so happy... and looks his sexiest in plain black boxers =p,positive,positive
489,bb16d5ae08, curses upon the ridiculously slow internetz at work!  The dang image just now loaded...,neutral,negative
490,47617218fe, Hooray!,positive,positive
491,9b0db4e33e, i tried. and failed,negative,negative
492,990c3cf35f,too sick for rigging tomorrow.,negative,negative
493,38148a3e98," Going to start very small, like $0.10 or $0.50  Then slowly to higher stakes",neutral,neutral
494,3d1184dabd,Good  morning! Just went to bed it feels and already morning...goes fast! Now i am going to the gym soon. Have a nice day!,positive,positive
495,138fa4e0f4, I just got two tickets one for speeding and one for tinted windows,neutral,negative
496,e5f0e6ef4b,"its at 3 am, im very tired but i can`t sleep  but i try it",negative,neutral
497,12005b65fc,Waiting for my turn on wii fit gym closed,neutral,neutral
498,fe588dce16, then am anticipating the next ten days!,neutral,neutral
499,bc7b967aea,Now I`m depressed again..ugh!!! HELP!!!,negative,negative
500,346ce6428b,"Bleargh. I can never clean as much of my house as I want to before work, no matter how early I wake up. Today: sink, laundry.",negative,negative
501,d948eb5d1e," Oooommmmggg, you probs will, too busy to slay properly for a while  Hopefully I`ll stay ahead doing 1 task a week!",neutral,neutral
502,4bb00e884a,im depressed on this pretty day  Everyone either is doing something or CAN`T...bleh -.-,negative,negative
503,5bfc1c74e0," I had to look at it 3 times before it sunk in, totally shocked by it  tbh.",negative,negative
504,c26aabf505, how do you call that number from the UK ??  I really want to call u but I don`t know how to  xxxxxx,neutral,neutral
505,aa4724b924,": no, I fell and effed my arm up today and now I have to do back drive.",negative,negative
506,02883c7ab1, yes! the pool opened this weekend,neutral,positive
507,96b3a98962," Don`t worry, the bizarre will find you",positive,neutral
508,b5da09a0f6,My Birthday weekend! cant find where my ex hid our DANE COOK TICKETS for tomorrow!!! WTF that`s all i wanted for my birthday,negative,negative
509,93a199b78f,"oh kasa, please lose the hair do",negative,negative
510,1aa65233b0,Enjoying the cool breeze at the beach. It helps me relax and unwind.,positive,positive
511,fcb934b1ea,"No phone call yett... Hrmm. Maybe a call from my end is in order?  I`ll wait a bit longer, Prom nights are often `spuratic` moments.",negative,neutral
512,54670ca807,skype call with billie but my webcam dont work,neutral,negative
513,1a82a50aa9," I send messages to greg all the time, no answer  its ok I still love o & a, goog luck with your move to Erie.",positive,positive
514,e5b36bbce3, woot!! you go girl,neutral,positive
515,4bcb9c582c,@ Cleaning the house! going out at 3 to see a soccergame with friends,neutral,neutral
516,0e0424c9bd,home alone and no one left me any gummy bears,negative,negative
517,e108bb4fa1,I woke up this morning thinking it is Saturday,neutral,neutral
518,5bbef6942a, Well tell me what fashion tips you need and I`m your woman  hehehe,positive,neutral
519,69728f3226,starting twitter,neutral,neutral
520,9bb06e4848, You should check yourz Rayne.,neutral,neutral
521,e4d6a48aa7,Awaiting reply from two projects. One cancelled.,negative,negative
522,0f89951346,No launch today. Teacher changed plans and we watched a stupid move about tesla,negative,negative
523,f0c1aa8e72,Im mad cuz i cant get any picture to work.,negative,negative
524,49ce2570e5," http://twitpic.com/4w9h2 better in person had to send u this, I feel like mouse from 'The American Tail' . Over in RI!",neutral,neutral
525,70fa6e0152,I didn`t get a callback for the play I cried...  oh well I guess it`s back to being a techie..,neutral,negative
526,d2565af489, That is INCREDIBLY sweet!!!! What a good Hubby...,positive,positive
527,5dbb7ae2a3,i got a freakin macbook!!!!! hoorayyy! but i freakin deleted phootbooth.,neutral,neutral
528,04887b5405,'Can`t a Stevie wonder?' gabe just called me sleepypants gaby.,neutral,neutral
529,02b43cd23c,Happy mothers day mom  ?,positive,positive
530,60e5c2c335,chillin bored drinking a margarita. txt me,negative,negative
531,9608ece440,Woke up and watched Jon and Kate plus eight. I tried to pretend like they were still a normail family,neutral,neutral
532,a267dfc19a," Actually, the post shows they know what happens when you overflow...",neutral,neutral
533,38b6b897f4,HMV Shinjuku,neutral,neutral
534,fc6128f4e5,"ok i just spent like ï¿½50 on soundtracks, a galaxy class starship and EVE online. sigh",neutral,neutral
535,910a250227,cant find my shoes. :/ hope its as bad as itll get 2nite.  im happy.,neutral,positive
536,4d9a27e25a, don`t you need a server and someone who knows how to program to use Wordpress? Love to but my knowledge is limited right now,neutral,neutral
537,62aebe35b6,Raining again,neutral,neutral
538,8837fac289,okay.. so i 'thought' i was getting sick... but NOPE!!!  HAHAHA PHEW! (sry mike lol - hope you get better soon!),positive,positive
539,316a1d0f4c," aww, we will miss you.  At least you get to go home right?",negative,neutral
540,6fe391edf6,Love the family feud episode with the kardashians tonight,positive,positive
541,78819d2e53,They`re gone.,negative,neutral
542,ae93ad52a0,"So hot today =_=  don`t like it and i hate my new timetable, having such a bad week",negative,negative
543,7993d38b85, ha! lemme know what you find (tho I suspect it will be a lot of complaints). Have a peaceful night my friend,positive,positive
544,0ba6aaf9aa,": hmmm, wrong link, ignore my tweet",negative,negative
545,484373037f, I`ll be at the new movie showing at the franklin on Thursday night.  several of the SLA faculty will be in attendance.,neutral,neutral
546,cad99e531f,i so wish i could get pregnant!!,positive,positive
547,e6826a5aa5,Marking going ok so far A`s and B`s so far - relieved it looks like I have future programmers in class,neutral,positive
548,1937abbaac,"i`m sunburnt on my arms, and i have burnt my mouth, and some skin is coming off",negative,negative
549,dbdbe24969,omgoodness FINALLY back from dinner with the fam bam!,positive,positive
550,0b3588bf63,Happy Mother`s Day all of the mom`s around the world!  I love mine more than anything in the world and can`t wait to celebrate! WOO!,positive,positive
551,8fbd0b19e6,"whatever will be, will be",neutral,neutral
552,eff365b5b5,"Last day of the TV up-fronts w/ our colleagues from Sydney, Paris, London...",neutral,neutral
553,0ef8ddf4a1, Hope it went well! Was rooting for you both from the (not so) comfort(able world) of PhD application form-filling-in  ****,positive,positive
554,13d0b4314e,"is slowly crunching the reality that june is fast approaching. in other words, classes again, and another year will be added to my age.",neutral,neutral
555,1900a6978a,Idk i cant do ****,negative,negative
556,97dbf6e8e1, they do indeed  glad to hear everything is good with you. I`m great  life is good,positive,positive
557,e54c45018b,Enjoyed Star Trek... More please,positive,positive
558,6d3596cdb3,love it when my sister brags! but she`s too tired too spell bowling right! haha its ok I <3 her!!,neutral,positive
559,6769efef8a, yes its the twins  so i wontt be watching,neutral,neutral
560,0a57a17968,Got a sunburn from Coney Island bike ride,neutral,negative
561,13ca815d01, me to mi sausage,neutral,neutral
562,bff45fe27f,? I had great time in Boston. Thanks to my baby girl.   http://plurk.com/p/rplmy,positive,positive
563,bd8ba2ad7e,And I just love every little thing about you...,positive,positive
564,2bc1a7126b,is relaxing after working on Mothers Day.  Oh well. A good day had.  Hope you are all well,positive,positive
565,00e1d9ed60,you can see the coffee table again!! ...so when r u cominging  over 2 insult me into cleaning the rest of the house?,negative,neutral
566,5b204b5429,heading out to (a long)band practice. last one before our first show on Saturday night. Hope it`s a good one  http://digg.com/u12MIW,positive,positive
567,4f2bf0e4b8,Hey every1! Do yesterday was my prom and it was the best. I wanna go back in time :] Ima miss every  new picks up soon myspace.com/risound,neutral,positive
568,b9a6b682b2,"Morning everyone sorry for going early last night had bad news, felt totally ****   Today is a new day",negative,negative
569,469196b094,can sum1 tells me how 2 vote 4 miley? it seems sum peeple r still voting i went 2 mtv.com nd it seems i cant vote,neutral,neutral
570,59fd038492,will play quake3 in 3min,neutral,neutral
571,55bfdcf9bf," Sorry Mike, was assuming it was music that was missing..I don`t know then.. a mystery..",negative,neutral
572,2d475b1b23,just thought about how unfair 3 ppl have been 2 me n got depressed again  HATERS!!!,negative,negative
573,888b3fdf3e,   _coach   IMHO this soft is the best to keep the chaos straight   http://bit.ly/yuFil,positive,positive
574,46e5a5f63b, i cant,neutral,negative
575,558fe1316b,On a 10min brake. At wrrkk ... its 11:06 and its over at. 11:16,neutral,neutral
576,1b59763e81, you dont say,neutral,neutral
577,4c2cb5387a,god i cant even catch public transport. swine flu is **** house,negative,negative
578,44bf854f69, i wanted to see that.  enjoy it!,positive,positive
579,ddb4330613," time to start unfollowing some people, i think",neutral,neutral
580,0aec5ff9a0,is *ugh* what a miserable looking day. 54 degrees. Where did summer go?,negative,negative
581,e09f5b6b95,went to the cd store to search for the cd. But,neutral,neutral
582,4b2b16581a," sorry bout the cat,",negative,neutral
583,f944be482a,_its_sarah Congrats Sarah!!!!! thats awsum,positive,positive
584,13d29e0bab, haha no kidding... I listen to them all day long bud,positive,neutral
585,9c8ad0b932,It`s officially the start and the end of my summer. Oh summer school,neutral,neutral
586,3b6fdcc518," Ian and I are going to a matinee tomorrow, or that`s the plan at least...it`s going to be too expensive for 3d at night",negative,neutral
587,5213af0cf4, poor tony  come play scrabble on facebook!,negative,neutral
588,5d9b0f4b31,it makes me sad when people phones are sick,negative,negative
589,df0f568747,I still miss him... And i dont think he`s coming back,negative,negative
590,f0da745521, lucky! that`s awesome,positive,positive
591,005e2e60d3,Now I need to change my monitor,neutral,neutral
592,3dd127f4af, hey hunnie  how are u?? I miss talkin to u! Ty for the follow,neutral,negative
593,756300c03d,And thanks for the gorgeous flowers.,positive,positive
594,341ed728c7,dam i missed hollyoaks 2nite!,negative,negative
595,bd3b5dbd9a,Happy Mothers May to my Mak   Love you always! XOXO.,positive,positive
596,f18b102ad6,catching up on my reading... twitter n BF break,neutral,neutral
597,bc3032341b,i`m sad...i`ll miss you grandma angie.. you were always like a 3rd grandma to me..,negative,negative
598,733ac52be6, Happy Mom`s Day!  Here in Spain it was last Sunday!! Any hint of when the first single will be out on radio? LYM!!  Mini,positive,positive
599,c5698ba3eb, hehe his name was Jack Dawson & he died on the Titanic  u c that movie Miley?im watching it rite now. amazing.tell Leo I<3Him!,neutral,positive
600,000b3211af,And ... Happy Mother`s Day to all Moms   You sure are the ? heart of mankind.,positive,positive
601,4db44fd32a, all of em! Hahahahaha sry,neutral,positive
602,0ea64bcbe6,yay  my `only on sundays` maid came!! the house will be clean again!!!,neutral,positive
603,127ee02f19,tonight was a very bad night,negative,negative
604,1177c602c8, Come to Rochester with me and Nikki. Beer and a Hog Roast always helps.,positive,positive
605,975554343f, I just noticed that  They are so ridiculous,negative,negative
606,509033a1ff,i really need to earn money... so that i can watch the PCD concert,neutral,neutral
607,760723a562,Sore throat. This is not good. I have four performances this weekend.,negative,negative
608,089f2af7b9,i wish i could go to meet in the middle tomorrow.,positive,positive
609,15c531b290,playing at my old school playground still the same except them lame **** got rid of the tire swing,negative,neutral
610,aacd4d0c3f," loving the shoes perez, looking fine as always  oh,and lady gaga, what can I say. Outstanding!",positive,positive
611,3289389558, aww dont cry ashley,positive,neutral
612,4f1a7d1d2c, yup its working. they couldn`t recover anything on it though,negative,neutral
613,1047b78606, You`re welcome! Cutie-pie kiddo.. in your picture btw  Love those shades!,positive,positive
614,d57bd01b7e,"omg, did anyone see the wee girl on bgt..!**** sucha shame",negative,negative
615,4454e4d53a," I`m not sure... But, 4719 fans in just a week is a wow to me! I guess they will soon overtake other Malaysian Page to be No.1.",positive,positive
616,8f44c2f7bd," I forgot that was tonight! Was planning on heading down to the Cask, that might not be such a good idea",negative,neutral
617,8e7d2d0ea4,bye LA... I already miss you,negative,negative
618,53969f2468, Hey! That`s my school! I hate that place.,negative,negative
619,7058fc87de, Fighter - Christina Aguilera. LOVE that song,positive,positive
620,6e059414a2,"_Cake just  little stomach bug, nothing serious",positive,neutral
621,a8e17db0cc,_Oyler Poor little woman with her smushed in head,negative,negative
622,226adfd977,tonight was fun,positive,positive
623,e468a185dc,oh yes! Level 40,positive,positive
624,3fcdacf90f,"Well, she`s getting through.",positive,positive
625,4ea8274298,at `s with ,neutral,neutral
626,65e715d6e5," I`ve been there.  The only place I have flown out of since moving up north. Really pretty area for flying, but very expensive",neutral,positive
627,9ffc800a5c,I just realised how much i love sundays,positive,positive
628,264871e342,is wanting someone to spend her summer evening with whilst she`s in such a nice relaxed mood !,positive,positive
629,c635a113c8, thanks! I`m totally bushed today though time for some coding,positive,positive
630,7069dd2486, I`m straining to hear but it`s very hard from all the way over here.,negative,negative
631,36aabd3627,the trip was really great. but i cant belive summers here,neutral,positive
632,9d8a45d308,Ready for this saddenning depressing dullful upsetting dreadful weekend.,negative,negative
633,6aa5004916,11 Days left until freedom. I really just want to get through this weekend. I hate essays.,negative,negative
634,88051e4bea," Good morning to you, however it`s night time for me, so I am off to bed *hugs* Have a great day",positive,positive
635,ab43c568d8, Youuuu`re an aaass  my aaass loooool,negative,positive
636,7e49648b99,OH. I am just so tired.,negative,negative
637,e01f6a7ec2, heyy i have a sis of 1 year with 5 months and still she don t want to walk..,negative,negative
638,0c37fc95e3, WHEW!  I`m just going to focus on family time and more swim suit shopping for the rest of my vacay! Thanks for the kind words,positive,positive
639,9630a8a60e,need some Pizza...can`t get out of office,neutral,neutral
640,d2a21b3cb7," many! mine included. ahem. shld have known better back then, wldn`t have missed so many opportunities haha",negative,neutral
641,47f11efc72, this creepy guy when I was walking the dog  I`ve had my fill of creepers for the day,neutral,negative
642,17d1a66db4,No kickboxing classes today  pretty bummed. Still going to work out hard. http://myloc.me/1ZT0,negative,negative
643,4f2e517832,Off the a village May Fayre now.  Bag packed ready to bring back home-made goodies.,neutral,positive
644,06ed7a838d,got the twilight board game today  good old ebay..,positive,neutral
645,b1da216450,3 hours of sleep and a mild hangover = carelessness and the loss of a brand new ipod pouch,negative,negative
646,667e216a44, ive been spending time w/my momma! we`re celebrating mother`s day for her early  ive been good! how was woodburn?,positive,positive
647,b8a77cd14c, oks  yes infact we had chatted earlier on n00b.in as well,neutral,neutral
648,101bf94294, finished listening to Last Days of Krypton`s audio book! Loved it...so sad though...,neutral,neutral
649,c2392d49e0, one of our governors is one of the directors of the company,neutral,neutral
650,1962095a32, rofl that`s what we like to hear,positive,positive
651,062ffc4f0d,sad that will have to leave my beautiful apartment,neutral,negative
652,bb53ba1a89, i can`t believe that you guys are gonna stay just one day here in Rio de Janeiro again,neutral,neutral
653,2246ed3d84,Loves random acts of kindness and laughter,positive,positive
654,cb8cb99053, How are you?,neutral,neutral
655,facd1f468e,3-4 hours sleep last night  barely functioning,negative,negative
656,76f0861133, happy birthdayyy! hope you have an awesome day. didn`t see you at next last night!,positive,positive
657,b9d896f209," Yes, maybe, but for today, I write",neutral,neutral
658,d0c93e2a81,"stuck in anniston, mississippi. because we got in a car accident :\ now im scared to drive  boy drivers ed should be fun this summer D:",neutral,negative
659,0117a03b6d,_43 HAHHAHAH that really made me laugh out loudd! ahahahahahahahahah your fuunny!!,positive,positive
660,4e43ad756c, Aw it says the pic doesn`t exist anymore,negative,neutral
661,2d5206550f, Always a good idea.,positive,positive
662,343c2dd395, That was fantastic! Thank you,positive,positive
663,b5e7df1efe,  sad face.,negative,negative
664,7e45ea194d,_ aww thats too bad you lost it though,negative,negative
665,d3ac1634fc,i love the dreambears!.. i want a **** best friend!,positive,positive
666,95db70d9c2, yup! way to **** early and I`m already at work,neutral,neutral
667,a35314257a, Edgefest!  or maybe  since you`re driving...,neutral,neutral
668,c956722677,My room is too hot to sleep in.,negative,negative
669,3db940a3d7," I`d be soo honoured if u cld chk out my beats, perhaps sm advice on wat I nd to do 2 improve da overall sound of my music",positive,positive
670,db828c7bda, That`s love.,positive,positive
671,d05b0f464a, well.. i dont have to do any resits... lol... so its MY last exam,neutral,neutral
672,e4f5ac16a7,_n Where can I get some?,neutral,neutral
673,ad0dd05c20," ali, just like you do!!!   have such a wonderful sunday!",positive,positive
674,570a5c063b,_alfradique No fun   Well hopefully you don`t have much more to go...,positive,neutral
675,c5d1af4ed5, Ace @ the exams!,neutral,neutral
676,d65a8658b0,"  I just got through doing my work now I can take the whole day off, its great being your own boss",positive,positive
677,17d1fdde01,"i cant believes its already Monday, the weekend went by soooo fast, keeping my fingers crossed that will too",negative,positive
678,d7b287d1e7,where r all the 5am tweets from  people...oh that`s right...they opened the #houseofrock last night so they`re still in bed,neutral,neutral
679,a567459a1a,  read something happy?,positive,positive
680,89de64f532, can you get catacombs ffrom the cinemas? i tried to get it from my local one a little while ago and theyh didn`t have it.,neutral,neutral
681,60b050c72a,i need a good idea... FAST!,positive,neutral
682,71f389a974,Calling it a night .... talk to yall tomorrow,neutral,neutral
683,bdc7de6846," yes, that`s what I meant... I don`t have anything to turn it into Hirigana, though.",neutral,neutral
684,7a09871d21,_Brown been holding onto this one for a while  http://twitpic.com/4w5eh,neutral,neutral
685,9b3fcf1668,Jesus Christ meadowhall could do with better air con! Too hot,negative,negative
686,8b1ef2334e, not sexy with 2 tubes sticking out of my stomach  but thanks !,positive,positive
687,7013b54ea6,"_ Heading off to Poole around 4ish,  has some serious gardening to do before we go, no Tweetdeck til Sunday evening,",negative,neutral
688,f61ae5403a," It`s 12AM! ,  and I are still up, sending you as much tweets as we can! Philippines tour please?",neutral,neutral
689,a267c3e874, We are at alexander. Just had a 3 course dinner and i am wearing someone elses red wine,neutral,neutral
690,4f7cba2eff," ach, probably not... they are labeled as MI-5, which I believe was the name used when they aired on BBC America",neutral,neutral
691,f1f8d50eff, I want an invite - sick of seeing all these links for people playing and being left out,negative,negative
692,e22beff480, Nooooo!  Working this weekend,negative,neutral
693,4de0e1bb73,"Perfect night. Best month of my life so far!! You my boo, ",positive,positive
694,934ac753a2," Nope, I`m on my way home now.",neutral,neutral
695,eb9b4d2431, Big Thanks Melody!  Gotta love that sunshine-lots of vit D,positive,positive
696,c9dfbf4275, I have a new found respect for you now that I know you know the Konami code!,neutral,positive
697,650fcedd22,he`s back! meeting him in 40 mins,neutral,neutral
698,0182dd7de1,Discovered that Numpy arrays can hold values of any type.  Useful for manipulating arrays of numbers with uncertainties.,negative,positive
699,95410148bf,"little beetle not feeling any love  Searches are bring up zilch, bar 2 peeps that appear funny !!!",positive,negative
700,20eeee52df,I sometimes feel like the only person in the world without an iphone,neutral,negative
701,32db5fc0a5,"is back at working auditing away, time to make the hard decisions and be happy",positive,positive
702,cf0d831059,starting the video editing of the first spanking movie we did with Mina ... it will be added to the next update,neutral,neutral
703,9198679ac1,stupid wireless!!,negative,negative
704,25c3c99b1a, I was never a good stereotypical teen,negative,negative
705,dc6dae7f3b, http://twitpic.com/4vw9a - I`m not gonna buy one...nor two... But three! I will be the ultimate slaughter machine!,neutral,neutral
706,892b8a0cf8,so i guess we r sleepin over.,neutral,neutral
